V,CaMKt,cass,nai,nass,ki,kss,cansr,cajsr,cai,m,hf,hs,j,hsp,jp,mL,hL,hLp,a,iF,iS,ap,iFp,iSp,d,ff,fs,fcaf,fcas,jca,ffp,fcafp,nca,xrf,xrs,xs1,xs2,xk1,Jrelnp,Jrelp,
-87.732001,0.002722,0.000064,8.007592,8.007665,143.888400,143.888382,1.210531,1.211272,0.000066,0.007546,0.688680,0.688678,0.688673,0.444037,0.688670,0.000198,0.503787,0.294704,0.001019,0.999533,0.848135,0.000519,0.999533,0.883041,0.000000,1.000000,0.957372,1.000000,1.000000,1.000000,1.000000,1.000000,0.000944,0.000008,0.188511,0.176817,0.000199,0.996830,0.000000,0.000000
-87.733608,0.002690,0.000064,8.005882,8.005955,143.898299,143.898281,1.206837,1.207551,0.000066,0.007545,0.688736,0.688735,0.688730,0.444102,0.688726,0.000198,0.503840,0.294737,0.001019,0.999533,0.848079,0.000519,0.999533,0.882993,0.000000,1.000000,0.957382,1.000000,1.000000,1.000000,1.000000,1.000000,0.000935,0.000008,0.188547,0.176843,0.000199,0.996829,0.000000,0.000000
-87.732354,0.002713,0.000064,8.008162,8.008235,143.891040,143.891022,1.209637,1.210372,0.000066,0.007546,0.688692,0.688691,0.688686,0.444051,0.688682,0.000198,0.503798,0.294715,0.001019,0.999533,0.848140,0.000519,0.999533,0.883045,0.000000,1.000000,0.957387,1.000000,1.000000,1.000000,1.000000,1.000000,0.000942,0.000008,0.188501,0.176783,0.000199,0.996829,0.000000,0.000000
-87.736052,0.002644,0.000064,8.001020,8.001093,143.909218,143.909199,1.201345,1.202025,0.000066,0.007543,0.688822,0.688821,0.688816,0.444202,0.688812,0.000198,0.503925,0.294886,0.001019,0.999533,0.848407,0.000519,0.999533,0.883301,0.000000,1.000000,0.957624,1.000000,1.000000,1.000000,1.000000,1.000000,0.000921,0.000008,0.188169,0.176224,0.000199,0.996829,0.000000,0.000000
-87.736907,0.002628,0.000064,7.998861,7.998933,143.913496,143.913478,1.199465,1.200132,0.000066,0.007542,0.688852,0.688851,0.688846,0.444236,0.688842,0.000198,0.503954,0.294912,0.001019,0.999533,0.848413,0.000519,0.999533,0.883310,0.000000,1.000000,0.957646,1.000000,1.000000,1.000000,1.000000,1.000000,0.000917,0.000008,0.188151,0.176193,0.000199,0.996828,0.000000,0.000000
-87.733279,0.002694,0.000064,8.007294,8.007367,143.895982,143.895964,1.207455,1.208175,0.000066,0.007545,0.688725,0.688723,0.688718,0.444089,0.688715,0.000198,0.503830,0.294764,0.001019,0.999533,0.848233,0.000519,0.999533,0.883133,0.000000,1.000000,0.957466,1.000000,1.000000,1.000000,1.000000,1.000000,0.000936,0.000008,0.188390,0.176587,0.000199,0.996829,0.000000,0.000000
-87.745626,0.002462,0.000063,7.977329,7.977399,143.955597,143.955579,1.179399,1.179931,0.000065,0.007536,0.689159,0.689158,0.689153,0.444590,0.689150,0.000198,0.504250,0.295271,0.001019,0.999534,0.848852,0.000519,0.999534,0.883741,0.000000,1.000000,0.958087,1.000000,1.000000,1.000000,1.000000,1.000000,0.000868,0.000008,0.187567,0.175230,0.000198,0.996826,0.000000,0.000000
-87.734714,0.002672,0.000064,8.002394,8.002466,143.901836,143.901818,1.204606,1.205307,0.000066,0.007544,0.688775,0.688774,0.688769,0.444147,0.688765,0.000198,0.503879,0.294823,0.001019,0.999533,0.848306,0.000519,0.999533,0.883206,0.000000,1.000000,0.957531,1.000000,1.000000,1.000000,1.000000,1.000000,0.000929,0.000008,0.188294,0.176448,0.000199,0.996829,0.000000,0.000000
-87.733137,0.002696,0.000064,8.007842,8.007915,143.895125,143.895107,1.207728,1.208451,0.000066,0.007545,0.688720,0.688718,0.688713,0.444083,0.688710,0.000198,0.503826,0.294769,0.001019,0.999533,0.848273,0.000519,0.999533,0.883169,0.000000,1.000000,0.957487,1.000000,1.000000,1.000000,1.000000,1.000000,0.000937,0.000008,0.188350,0.176521,0.000199,0.996829,0.000000,0.000000
-87.743195,0.002510,0.000063,7.983391,7.983462,143.943845,143.943827,1.185160,1.185730,0.000065,0.007538,0.689074,0.689073,0.689067,0.444491,0.689064,0.000198,0.504167,0.295167,0.001019,0.999534,0.848716,0.000519,0.999534,0.883608,0.000000,1.000000,0.957955,1.000000,1.000000,1.000000,1.000000,1.000000,0.000882,0.000008,0.187745,0.175524,0.000198,0.996827,0.000000,0.000000
-87.733091,0.002697,0.000064,8.007774,8.007847,143.895069,143.895051,1.207854,1.208577,0.000066,0.007545,0.688718,0.688717,0.688711,0.444081,0.688708,0.000198,0.503824,0.294758,0.001019,0.999533,0.848230,0.000519,0.999533,0.883130,0.000000,1.000000,0.957460,1.000000,1.000000,1.000000,1.000000,1.000000,0.000937,0.000008,0.188396,0.176596,0.000199,0.996829,0.000000,0.000000
-87.733844,0.002683,0.000064,8.006230,8.006302,143.898523,143.898505,1.206188,1.206901,0.000066,0.007545,0.688744,0.688743,0.688738,0.444112,0.688735,0.000198,0.503850,0.294799,0.001019,0.999533,0.848311,0.000519,0.999533,0.883206,0.000000,1.000000,0.957523,1.000000,1.000000,1.000000,1.000000,1.000000,0.000933,0.000008,0.188300,0.176440,0.000199,0.996829,0.000000,0.000000
-87.738372,0.002602,0.000064,7.994825,7.994897,143.920911,143.920893,1.196279,1.196923,0.000066,0.007541,0.688904,0.688903,0.688898,0.444296,0.688894,0.000198,0.504003,0.294948,0.001019,0.999533,0.848382,0.000519,0.999533,0.883287,0.000000,1.000000,0.957657,1.000000,1.000000,1.000000,1.000000,1.000000,0.000909,0.000008,0.188163,0.176213,0.000199,0.996828,0.000000,0.000000
-87.734726,0.002673,0.000064,8.002079,8.002151,143.901650,143.901632,1.204624,1.205326,0.000066,0.007544,0.688776,0.688774,0.688769,0.444148,0.688766,0.000198,0.503879,0.294825,0.001019,0.999533,0.848315,0.000519,0.999533,0.883214,0.000000,1.000000,0.957535,1.000000,1.000000,1.000000,1.000000,1.000000,0.000929,0.000008,0.188285,0.176436,0.000199,0.996829,0.000000,0.000000
-87.734157,0.002679,0.000064,8.005085,8.005158,143.900468,143.900450,1.205567,1.206274,0.000066,0.007545,0.688755,0.688754,0.688749,0.444125,0.688746,0.000198,0.503860,0.294787,0.001019,0.999533,0.848222,0.000519,0.999533,0.883126,0.000000,1.000000,0.957477,1.000000,1.000000,1.000000,1.000000,1.000000,0.000932,0.000008,0.188389,0.176585,0.000199,0.996829,0.000000,0.000000
-87.735596,0.002652,0.000064,8.002108,8.002180,143.907014,143.906996,1.202352,1.203039,0.000066,0.007543,0.688806,0.688805,0.688800,0.444183,0.688796,0.000198,0.503909,0.294867,0.001019,0.999533,0.848386,0.000519,0.999533,0.883280,0.000000,1.000000,0.957603,1.000000,1.000000,1.000000,1.000000,1.000000,0.000924,0.000008,0.188198,0.176270,0.000199,0.996829,0.000000,0.000000
-87.737930,0.002614,0.000064,7.994930,7.995002,143.917287,143.917269,1.197551,1.198206,0.000066,0.007542,0.688888,0.688887,0.688882,0.444278,0.688878,0.000198,0.503988,0.294957,0.001019,0.999533,0.848480,0.000519,0.999533,0.883375,0.000000,1.000000,0.957699,1.000000,1.000000,1.000000,1.000000,1.000000,0.000912,0.000008,0.188068,0.176073,0.000199,0.996828,0.000000,0.000000
-87.733628,0.002687,0.000064,8.006732,8.006804,143.897480,143.897461,1.206659,1.207375,0.000066,0.007545,0.688737,0.688736,0.688730,0.444103,0.688727,0.000198,0.503842,0.294790,0.001019,0.999533,0.848301,0.000519,0.999533,0.883196,0.000000,1.000000,0.957513,1.000000,1.000000,1.000000,1.000000,1.000000,0.000934,0.000008,0.188314,0.176463,0.000199,0.996829,0.000000,0.000000
-87.733275,0.002695,0.000064,8.007006,8.007079,143.895727,143.895709,1.207515,1.208236,0.000066,0.007545,0.688724,0.688723,0.688718,0.444089,0.688715,0.000198,0.503830,0.294765,0.001019,0.999533,0.848238,0.000519,0.999533,0.883138,0.000000,1.000000,0.957467,1.000000,1.000000,1.000000,1.000000,1.000000,0.000936,0.000008,0.188385,0.176582,0.000199,0.996829,0.000000,0.000000
-87.735385,0.002658,0.000064,8.001522,8.001594,143.905980,143.905962,1.203017,1.203706,0.000066,0.007544,0.688799,0.688798,0.688792,0.444174,0.688789,0.000198,0.503901,0.294834,0.001019,0.999533,0.848272,0.000519,0.999533,0.883176,0.000000,1.000000,0.957529,1.000000,1.000000,1.000000,1.000000,1.000000,0.000925,0.000008,0.188320,0.176478,0.000199,0.996829,0.000000,0.000000
-87.733583,0.002689,0.000064,8.006634,8.006707,143.897469,143.897451,1.206786,1.207502,0.000066,0.007545,0.688735,0.688734,0.688729,0.444101,0.688725,0.000198,0.503841,0.294777,0.001019,0.999533,0.848249,0.000519,0.999533,0.883149,0.000000,1.000000,0.957482,1.000000,1.000000,1.000000,1.000000,1.000000,0.000935,0.000008,0.188368,0.176551,0.000199,0.996829,0.000000,0.000000
-87.736871,0.002630,0.000064,7.998641,7.998713,143.913554,143.913536,1.199597,1.200264,0.000066,0.007542,0.688851,0.688850,0.688845,0.444235,0.688841,0.000198,0.503952,0.294895,0.001019,0.999533,0.848348,0.000519,0.999533,0.883250,0.000000,1.000000,0.957606,1.000000,1.000000,1.000000,1.000000,1.000000,0.000917,0.000008,0.188220,0.176307,0.000199,0.996828,0.000000,0.000000
-87.734487,0.002672,0.000064,8.004552,8.004624,143.901793,143.901775,1.204813,1.205516,0.000066,0.007544,0.688767,0.688766,0.688761,0.444138,0.688757,0.000198,0.503871,0.294814,0.001019,0.999533,0.848299,0.000519,0.999533,0.883197,0.000000,1.000000,0.957529,1.000000,1.000000,1.000000,1.000000,1.000000,0.000930,0.000008,0.188304,0.176446,0.000199,0.996829,0.000000,0.000000
-87.734415,0.002674,0.000064,8.004754,8.004826,143.901240,143.901222,1.204970,1.205674,0.000066,0.007544,0.688765,0.688764,0.688758,0.444135,0.688755,0.000198,0.503869,0.294819,0.001019,0.999533,0.848329,0.000519,0.999533,0.883224,0.000000,1.000000,0.957545,1.000000,1.000000,1.000000,1.000000,1.000000,0.000930,0.000008,0.188274,0.176398,0.000199,0.996829,0.000000,0.000000
-87.733573,0.002692,0.000064,8.005069,8.005142,143.898788,143.898769,1.207051,1.207764,0.000066,0.007545,0.688735,0.688734,0.688728,0.444101,0.688725,0.000198,0.503838,0.294692,0.001019,0.999533,0.847894,0.000519,0.999533,0.882824,0.000000,1.000000,0.957272,1.000000,1.000000,1.000000,1.000000,1.000000,0.000935,0.000008,0.188743,0.177161,0.000199,0.996829,0.000000,0.000000
-87.739968,0.002571,0.000064,7.991587,7.991658,143.928150,143.928132,1.192557,1.193177,0.000065,0.007540,0.688960,0.688959,0.688954,0.444360,0.688950,0.000198,0.504058,0.295043,0.001019,0.999533,0.848590,0.000519,0.999533,0.883482,0.000000,1.000000,0.957813,1.000000,1.000000,1.000000,1.000000,1.000000,0.000900,0.000008,0.187922,0.175816,0.000199,0.996828,0.000000,0.000000
-87.735152,0.002660,0.000064,8.003022,8.003094,143.905008,143.904989,1.203348,1.204041,0.000066,0.007544,0.688791,0.688789,0.688784,0.444165,0.688781,0.000198,0.503894,0.294842,0.001019,0.999533,0.848333,0.000519,0.999533,0.883230,0.000000,1.000000,0.957563,1.000000,1.000000,1.000000,1.000000,1.000000,0.000926,0.000008,0.188259,0.176372,0.000199,0.996829,0.000000,0.000000
-87.766085,0.002030,0.000061,7.918335,7.918401,144.056030,144.056012,1.127139,1.127330,0.000062,0.007520,0.689879,0.689878,0.689873,0.445420,0.689870,0.000197,0.504946,0.296088,0.001017,0.999535,0.849737,0.000518,0.999535,0.884628,0.000000,1.000000,0.959090,1.000000,1.000000,1.000000,1.000000,1.000000,0.000751,0.000008,0.186335,0.173156,0.000198,0.996821,0.000000,0.000000
-87.735389,0.002659,0.000064,8.001198,8.001270,143.906386,143.906368,1.203053,1.203742,0.000066,0.007544,0.688799,0.688798,0.688792,0.444175,0.688789,0.000198,0.503901,0.294814,0.001019,0.999533,0.848186,0.000519,0.999533,0.883097,0.000000,1.000000,0.957478,1.000000,1.000000,1.000000,1.000000,1.000000,0.000925,0.000008,0.188411,0.176626,0.000199,0.996829,0.000000,0.000000
-87.732666,0.002709,0.000064,8.006897,8.006970,143.894895,143.894877,1.209050,1.209775,0.000066,0.007546,0.688703,0.688702,0.688697,0.444064,0.688693,0.000198,0.503806,0.294633,0.001019,0.999533,0.847755,0.000519,0.999533,0.882694,0.000000,1.000000,0.957173,1.000000,1.000000,1.000000,1.000000,1.000000,0.000940,0.000008,0.188902,0.177417,0.000199,0.996829,0.000000,0.000000
-87.732917,0.002700,0.000064,8.008335,8.008408,143.894025,143.894007,1.208207,1.208933,0.000066,0.007545,0.688712,0.688711,0.688705,0.444074,0.688702,0.000198,0.503818,0.294761,0.001019,0.999533,0.848267,0.000519,0.999533,0.883163,0.000000,1.000000,0.957479,1.000000,1.000000,1.000000,1.000000,1.000000,0.000938,0.000008,0.188359,0.176537,0.000199,0.996829,0.000000,0.000000
-87.733192,0.002697,0.000064,8.006761,8.006834,143.896375,143.896357,1.207752,1.208471,0.000066,0.007545,0.688721,0.688720,0.688715,0.444085,0.688712,0.000198,0.503826,0.294716,0.001019,0.999533,0.848040,0.000519,0.999533,0.882956,0.000000,1.000000,0.957351,1.000000,1.000000,1.000000,1.000000,1.000000,0.000937,0.000008,0.188595,0.176920,0.000199,0.996829,0.000000,0.000000
-87.732988,0.002703,0.000064,8.006310,8.006383,143.895973,143.895955,1.208335,1.209056,0.000066,0.007545,0.688714,0.688713,0.688708,0.444077,0.688704,0.000198,0.503818,0.294666,0.001019,0.999533,0.847855,0.000519,0.999533,0.882787,0.000000,1.000000,0.957238,1.000000,1.000000,1.000000,1.000000,1.000000,0.000938,0.000008,0.188792,0.177242,0.000199,0.996829,0.000000,0.000000
-87.744463,0.002488,0.000063,7.979686,7.979757,143.949649,143.949631,1.182399,1.182951,0.000065,0.007537,0.689118,0.689117,0.689112,0.444543,0.689109,0.000198,0.504210,0.295217,0.001019,0.999534,0.848770,0.000519,0.999534,0.883663,0.000000,1.000000,0.958012,1.000000,1.000000,1.000000,1.000000,1.000000,0.000876,0.000008,0.187670,0.175404,0.000198,0.996826,0.000000,0.000000
-87.735818,0.002648,0.000064,8.001363,8.001435,143.908153,143.908135,1.201900,1.202583,0.000066,0.007543,0.688814,0.688813,0.688808,0.444192,0.688804,0.000198,0.503917,0.294869,0.001019,0.999533,0.848365,0.000519,0.999533,0.883262,0.000000,1.000000,0.957595,1.000000,1.000000,1.000000,1.000000,1.000000,0.000923,0.000008,0.188216,0.176301,0.000199,0.996829,0.000000,0.000000
-87.733217,0.002696,0.000064,8.007145,8.007218,143.895887,143.895869,1.207633,1.208354,0.000066,0.007545,0.688722,0.688721,0.688716,0.444086,0.688712,0.000198,0.503828,0.294748,0.001019,0.999533,0.848173,0.000519,0.999533,0.883078,0.000000,1.000000,0.957429,1.000000,1.000000,1.000000,1.000000,1.000000,0.000937,0.000008,0.188454,0.176693,0.000199,0.996829,0.000000,0.000000
-87.732871,0.002702,0.000064,8.007981,8.008054,143.894273,143.894255,1.208377,1.209103,0.000066,0.007546,0.688710,0.688709,0.688704,0.444072,0.688700,0.000198,0.503816,0.294733,0.001019,0.999533,0.848152,0.000519,0.999533,0.883057,0.000000,1.000000,0.957410,1.000000,1.000000,1.000000,1.000000,1.000000,0.000939,0.000008,0.188481,0.176736,0.000199,0.996829,0.000000,0.000000
-87.733301,0.002694,0.000064,8.007263,8.007336,143.895979,143.895961,1.207406,1.208126,0.000066,0.007545,0.688725,0.688724,0.688719,0.444090,0.688715,0.000198,0.503831,0.294769,0.001019,0.999533,0.848252,0.000519,0.999533,0.883150,0.000000,1.000000,0.957477,1.000000,1.000000,1.000000,1.000000,1.000000,0.000936,0.000008,0.188370,0.176555,0.000199,0.996829,0.000000,0.000000
-87.731767,0.002728,0.000064,8.006993,8.007066,143.888350,143.888332,1.211191,1.211932,0.000066,0.007546,0.688671,0.688670,0.688665,0.444028,0.688661,0.000198,0.503777,0.294632,0.001019,0.999533,0.847860,0.000519,0.999533,0.882789,0.000000,1.000000,0.957205,1.000000,1.000000,1.000000,1.000000,1.000000,0.000945,0.000008,0.188804,0.177294,0.000199,0.996830,0.000000,0.000000
-87.733349,0.002693,0.000064,8.007289,8.007362,143.896216,143.896198,1.207279,1.207999,0.000066,0.007545,0.688727,0.688726,0.688721,0.444092,0.688717,0.000198,0.503833,0.294774,0.001019,0.999533,0.848267,0.000519,0.999533,0.883164,0.000000,1.000000,0.957487,1.000000,1.000000,1.000000,1.000000,1.000000,0.000936,0.000008,0.188353,0.176527,0.000199,0.996829,0.000000,0.000000
-87.732846,0.002710,0.000064,8.004800,8.004873,143.897541,143.897523,1.208913,1.209630,0.000066,0.007546,0.688709,0.688708,0.688703,0.444071,0.688699,0.000198,0.503809,0.294538,0.001019,0.999533,0.847333,0.000519,0.999533,0.882310,0.000000,1.000000,0.956931,1.000000,1.000000,1.000000,1.000000,1.000000,0.000940,0.000008,0.189343,0.178127,0.000199,0.996829,0.000000,0.000000
-87.733117,0.002697,0.000064,8.007684,8.007756,143.895177,143.895159,1.207802,1.208525,0.000066,0.007545,0.688719,0.688718,0.688712,0.444082,0.688709,0.000198,0.503825,0.294759,0.001019,0.999533,0.848231,0.000519,0.999533,0.883131,0.000000,1.000000,0.957461,1.000000,1.000000,1.000000,1.000000,1.000000,0.000937,0.000008,0.188394,0.176594,0.000199,0.996829,0.000000,0.000000
-87.735188,0.002659,0.000064,8.003014,8.003087,143.905103,143.905085,1.203257,1.203950,0.000066,0.007544,0.688792,0.688791,0.688785,0.444166,0.688782,0.000198,0.503895,0.294848,0.001019,0.999533,0.848353,0.000519,0.999533,0.883249,0.000000,1.000000,0.957575,1.000000,1.000000,1.000000,1.000000,1.000000,0.000926,0.000008,0.188237,0.176336,0.000199,0.996829,0.000000,0.000000
-87.733029,0.002700,0.000064,8.007048,8.007120,143.893958,143.893939,1.208127,1.208853,0.000066,0.007545,0.688716,0.688715,0.688709,0.444079,0.688706,0.000198,0.503822,0.294763,0.001019,0.999533,0.848262,0.000519,0.999533,0.883159,0.000000,1.000000,0.957473,1.000000,1.000000,1.000000,1.000000,1.000000,0.000938,0.000008,0.188364,0.176557,0.000199,0.996829,0.000000,0.000000
-87.733629,0.002687,0.000064,8.006704,8.006777,143.897510,143.897492,1.206661,1.207376,0.000066,0.007545,0.688737,0.688736,0.688730,0.444103,0.688727,0.000198,0.503842,0.294788,0.001019,0.999533,0.848294,0.000519,0.999533,0.883190,0.000000,1.000000,0.957509,1.000000,1.000000,1.000000,1.000000,1.000000,0.000934,0.000008,0.188321,0.176473,0.000199,0.996829,0.000000,0.000000
-87.733440,0.002693,0.000064,8.006221,8.006293,143.897518,143.897500,1.207209,1.207925,0.000066,0.007545,0.688730,0.688729,0.688724,0.444096,0.688720,0.000198,0.503834,0.294728,0.001019,0.999533,0.848063,0.000519,0.999533,0.882978,0.000000,1.000000,0.957369,1.000000,1.000000,1.000000,1.000000,1.000000,0.000936,0.000008,0.188567,0.176875,0.000199,0.996829,0.000000,0.000000
-87.727250,0.002810,0.000065,8.006746,8.006820,143.861014,143.860996,1.219789,1.220587,0.000067,0.007550,0.688512,0.688511,0.688506,0.443844,0.688502,0.000198,0.503624,0.294465,0.001020,0.999532,0.847690,0.000520,0.999532,0.882626,0.000000,1.000000,0.956988,1.000000,1.000000,1.000000,1.000000,1.000000,0.000967,0.000008,0.189040,0.177842,0.000199,0.996831,0.000000,0.000000
-87.735999,0.002645,0.000064,8.001109,8.001181,143.909021,143.909003,1.201467,1.202147,0.000066,0.007543,0.688820,0.688819,0.688814,0.444199,0.688810,0.000198,0.503923,0.294881,0.001019,0.999533,0.848392,0.000519,0.999533,0.883287,0.000000,1.000000,0.957615,1.000000,1.000000,1.000000,1.000000,1.000000,0.000922,0.000008,0.188185,0.176250,0.000199,0.996829,0.000000,0.000000
-87.733876,0.002684,0.000064,8.005640,8.005712,143.899059,143.899041,1.206198,1.206909,0.000066,0.007545,0.688746,0.688745,0.688739,0.444113,0.688736,0.000198,0.503850,0.294775,0.001019,0.999533,0.848207,0.000519,0.999533,0.883111,0.000000,1.000000,0.957462,1.000000,1.000000,1.000000,1.000000,1.000000,0.000933,0.000008,0.188409,0.176618,0.000199,0.996829,0.000000,0.000000
-87.735537,0.002654,0.000064,8.001751,8.001823,143.907237,143.907219,1.202555,1.203241,0.000066,0.007543,0.688804,0.688803,0.688798,0.444181,0.688794,0.000198,0.503906,0.294836,0.001019,0.999533,0.848262,0.000519,0.999533,0.883167,0.000000,1.000000,0.957529,1.000000,1.000000,1.000000,1.000000,1.000000,0.000924,0.000008,0.188329,0.176485,0.000199,0.996829,0.000000,0.000000
-87.737049,0.002627,0.000064,7.997870,7.997942,143.914681,143.914663,1.199257,1.199920,0.000066,0.007542,0.688857,0.688856,0.688851,0.444242,0.688847,0.000198,0.503957,0.294886,0.001019,0.999533,0.848284,0.000519,0.999533,0.883192,0.000000,1.000000,0.957572,1.000000,1.000000,1.000000,1.000000,1.000000,0.000916,0.000008,0.188285,0.176413,0.000199,0.996828,0.000000,0.000000
-87.759819,0.002170,0.000061,7.937468,7.937535,144.025165,144.025147,1.144022,1.144320,0.000063,0.007525,0.689659,0.689658,0.689652,0.445166,0.689649,0.000197,0.504732,0.295828,0.001018,0.999535,0.849430,0.000518,0.999535,0.884322,0.000000,1.000000,0.958751,1.000000,1.000000,1.000000,1.000000,1.000000,0.000788,0.000008,0.186753,0.173871,0.000198,0.996822,0.000000,0.000000
-87.736998,0.002627,0.000064,7.998648,7.998720,143.913860,143.913842,1.199268,1.199933,0.000066,0.007542,0.688856,0.688854,0.688849,0.444240,0.688846,0.000198,0.503957,0.294918,0.001019,0.999533,0.848428,0.000519,0.999533,0.883323,0.000000,1.000000,0.957656,1.000000,1.000000,1.000000,1.000000,1.000000,0.000916,0.000008,0.188134,0.176166,0.000199,0.996828,0.000000,0.000000
-87.732955,0.002704,0.000064,8.006185,8.006258,143.896345,143.896327,1.208434,1.209154,0.000066,0.007545,0.688713,0.688712,0.688707,0.444076,0.688703,0.000198,0.503816,0.294641,0.001019,0.999533,0.847755,0.000519,0.999533,0.882695,0.000000,1.000000,0.957179,1.000000,1.000000,1.000000,1.000000,1.000000,0.000939,0.000008,0.188898,0.177410,0.000199,0.996829,0.000000,0.000000
-87.733663,0.002687,0.000064,8.006436,8.006508,143.897629,143.897610,1.206619,1.207334,0.000066,0.007545,0.688738,0.688737,0.688732,0.444105,0.688728,0.000198,0.503844,0.294787,0.001019,0.999533,0.848284,0.000519,0.999533,0.883181,0.000000,1.000000,0.957503,1.000000,1.000000,1.000000,1.000000,1.000000,0.000934,0.000008,0.188331,0.176491,0.000199,0.996829,0.000000,0.000000
-87.734812,0.002667,0.000064,8.003700,8.003772,143.903476,143.903458,1.204113,1.204810,0.000066,0.007544,0.688779,0.688778,0.688772,0.444151,0.688769,0.000198,0.503882,0.294822,0.001019,0.999533,0.848289,0.000519,0.999533,0.883189,0.000000,1.000000,0.957530,1.000000,1.000000,1.000000,1.000000,1.000000,0.000928,0.000008,0.188310,0.176454,0.000199,0.996829,0.000000,0.000000
-87.733998,0.002681,0.000064,8.005734,8.005806,143.899383,143.899365,1.205873,1.206584,0.000066,0.007545,0.688750,0.688749,0.688743,0.444118,0.688740,0.000198,0.503855,0.294798,0.001019,0.999533,0.848288,0.000519,0.999533,0.883185,0.000000,1.000000,0.957513,1.000000,1.000000,1.000000,1.000000,1.000000,0.000932,0.000008,0.188322,0.176476,0.000199,0.996829,0.000000,0.000000
-87.733337,0.002693,0.000064,8.007314,8.007386,143.896154,143.896136,1.207303,1.208023,0.000066,0.007545,0.688727,0.688726,0.688720,0.444091,0.688717,0.000198,0.503832,0.294774,0.001019,0.999533,0.848267,0.000519,0.999533,0.883164,0.000000,1.000000,0.957487,1.000000,1.000000,1.000000,1.000000,1.000000,0.000936,0.000008,0.188353,0.176527,0.000199,0.996829,0.000000,0.000000
-87.733264,0.002694,0.000064,8.007451,8.007523,143.895713,143.895695,1.207470,1.208191,0.000066,0.007545,0.688724,0.688723,0.688718,0.444088,0.688714,0.000198,0.503830,0.294773,0.001019,0.999533,0.848273,0.000519,0.999533,0.883169,0.000000,1.000000,0.957489,1.000000,1.000000,1.000000,1.000000,1.000000,0.000936,0.000008,0.188348,0.176519,0.000199,0.996829,0.000000,0.000000
-87.733518,0.002689,0.000064,8.006889,8.006962,143.897049,143.897031,1.206911,1.207628,0.000066,0.007545,0.688733,0.688732,0.688727,0.444099,0.688723,0.000198,0.503839,0.294780,0.001019,0.999533,0.848272,0.000519,0.999533,0.883169,0.000000,1.000000,0.957494,1.000000,1.000000,1.000000,1.000000,1.000000,0.000935,0.000008,0.188346,0.176514,0.000199,0.996829,0.000000,0.000000
-87.733295,0.002694,0.000064,8.007050,8.007123,143.895602,143.895584,1.207459,1.208180,0.000066,0.007545,0.688725,0.688724,0.688719,0.444090,0.688715,0.000198,0.503831,0.294776,0.001019,0.999533,0.848281,0.000519,0.999533,0.883176,0.000000,1.000000,0.957492,1.000000,1.000000,1.000000,1.000000,1.000000,0.000936,0.000008,0.188340,0.176511,0.000199,0.996829,0.000000,0.000000
-87.733613,0.002690,0.000064,8.005514,8.005587,143.898427,143.898409,1.206884,1.207597,0.000066,0.007545,0.688736,0.688735,0.688730,0.444103,0.688726,0.000198,0.503840,0.294725,0.001019,0.999533,0.848030,0.000519,0.999533,0.882948,0.000000,1.000000,0.957353,1.000000,1.000000,1.000000,1.000000,1.000000,0.000935,0.000008,0.188600,0.176929,0.000199,0.996829,0.000000,0.000000
-87.733504,0.002690,0.000064,8.006718,8.006791,143.897189,143.897171,1.206974,1.207691,0.000066,0.007545,0.688732,0.688731,0.688726,0.444098,0.688723,0.000198,0.503838,0.294767,0.001019,0.999533,0.848221,0.000519,0.999533,0.883122,0.000000,1.000000,0.957463,1.000000,1.000000,1.000000,1.000000,1.000000,0.000935,0.000008,0.188400,0.176603,0.000199,0.996829,0.000000,0.000000
-87.733257,0.002699,0.000064,8.005430,8.005502,143.897903,143.897885,1.207788,1.208503,0.000066,0.007545,0.688724,0.688723,0.688717,0.444088,0.688714,0.000198,0.503826,0.294649,0.001019,0.999533,0.847749,0.000519,0.999533,0.882690,0.000000,1.000000,0.957182,1.000000,1.000000,1.000000,1.000000,1.000000,0.000937,0.000008,0.188900,0.177414,0.000199,0.996829,0.000000,0.000000
-87.735288,0.002658,0.000064,8.002794,8.002866,143.905572,143.905554,1.203036,1.203727,0.000066,0.007544,0.688795,0.688794,0.688789,0.444170,0.688785,0.000198,0.503899,0.294852,0.001019,0.999533,0.848361,0.000519,0.999533,0.883256,0.000000,1.000000,0.957582,1.000000,1.000000,1.000000,1.000000,1.000000,0.000925,0.000008,0.188228,0.176320,0.000199,0.996829,0.000000,0.000000
-87.734475,0.002675,0.000064,8.003339,8.003411,143.902922,143.902904,1.205025,1.205725,0.000066,0.007544,0.688767,0.688766,0.688760,0.444138,0.688757,0.000198,0.503869,0.294745,0.001019,0.999533,0.848006,0.000519,0.999533,0.882929,0.000000,1.000000,0.957356,1.000000,1.000000,1.000000,1.000000,1.000000,0.000930,0.000008,0.188613,0.176949,0.000199,0.996829,0.000000,0.000000
-87.736807,0.002630,0.000064,7.999203,7.999275,143.912896,143.912878,1.199675,1.200343,0.000066,0.007543,0.688849,0.688848,0.688842,0.444232,0.688839,0.000198,0.503950,0.294914,0.001019,0.999533,0.848435,0.000519,0.999533,0.883329,0.000000,1.000000,0.957656,1.000000,1.000000,1.000000,1.000000,1.000000,0.000917,0.000008,0.188130,0.176158,0.000199,0.996828,0.000000,0.000000
-87.734444,0.002673,0.000064,8.004765,8.004838,143.901427,143.901409,1.204891,1.205594,0.000066,0.007544,0.688766,0.688765,0.688759,0.444136,0.688756,0.000198,0.503870,0.294821,0.001019,0.999533,0.848331,0.000519,0.999533,0.883226,0.000000,1.000000,0.957547,1.000000,1.000000,1.000000,1.000000,1.000000,0.000930,0.000008,0.188271,0.176392,0.000199,0.996829,0.000000,0.000000
-87.736734,0.002631,0.000064,7.999343,7.999415,143.912453,143.912435,1.199849,1.200519,0.000066,0.007543,0.688846,0.688845,0.688840,0.444229,0.688836,0.000198,0.503948,0.294913,0.001019,0.999533,0.848441,0.000519,0.999533,0.883334,0.000000,1.000000,0.957658,1.000000,1.000000,1.000000,1.000000,1.000000,0.000918,0.000008,0.188124,0.176150,0.000199,0.996828,0.000000,0.000000
-87.733800,0.002685,0.000064,8.006180,8.006252,143.898443,143.898424,1.206307,1.207020,0.000066,0.007545,0.688743,0.688742,0.688736,0.444110,0.688733,0.000198,0.503848,0.294789,0.001019,0.999533,0.848275,0.000519,0.999533,0.883173,0.000000,1.000000,0.957501,1.000000,1.000000,1.000000,1.000000,1.000000,0.000933,0.000008,0.188339,0.176503,0.000199,0.996829,0.000000,0.000000
-87.734302,0.002676,0.000064,8.004736,8.004809,143.901103,143.901085,1.205255,1.205960,0.000066,0.007544,0.688761,0.688760,0.688754,0.444131,0.688751,0.000198,0.503865,0.294795,0.001019,0.999533,0.848237,0.000519,0.999533,0.883140,0.000000,1.000000,0.957489,1.000000,1.000000,1.000000,1.000000,1.000000,0.000931,0.000008,0.188372,0.176556,0.000199,0.996829,0.000000,0.000000
-87.733994,0.002681,0.000064,8.005884,8.005957,143.899239,143.899221,1.205861,1.206571,0.000066,0.007545,0.688750,0.688749,0.688743,0.444118,0.688740,0.000198,0.503855,0.294805,0.001019,0.999533,0.848319,0.000519,0.999533,0.883214,0.000000,1.000000,0.957531,1.000000,1.000000,1.000000,1.000000,1.000000,0.000932,0.000008,0.188289,0.176422,0.000199,0.996829,0.000000,0.000000
-87.732972,0.002699,0.000064,8.008154,8.008226,143.894403,143.894385,1.208096,1.208822,0.000066,0.007545,0.688714,0.688713,0.688707,0.444077,0.688704,0.000198,0.503820,0.294758,0.001019,0.999533,0.848248,0.000519,0.999533,0.883145,0.000000,1.000000,0.957468,1.000000,1.000000,1.000000,1.000000,1.000000,0.000938,0.000008,0.188378,0.176569,0.000199,0.996829,0.000000,0.000000
-87.741173,0.002549,0.000063,7.988323,7.988394,143.934027,143.934009,1.189875,1.190476,0.000065,0.007539,0.689003,0.689001,0.688996,0.444409,0.688993,0.000198,0.504098,0.295083,0.001019,0.999533,0.848610,0.000519,0.999533,0.883504,0.000000,1.000000,0.957849,1.000000,1.000000,1.000000,1.000000,1.000000,0.000893,0.000008,0.187884,0.175755,0.000199,0.996827,0.000000,0.000000
-87.740894,0.002555,0.000063,7.988861,7.988932,143.932963,143.932945,1.190522,1.191128,0.000065,0.007539,0.688993,0.688992,0.688986,0.444398,0.688983,0.000198,0.504089,0.295059,0.001019,0.999533,0.848542,0.000519,0.999533,0.883441,0.000000,1.000000,0.957803,1.000000,1.000000,1.000000,1.000000,1.000000,0.000895,0.000008,0.187960,0.175879,0.000199,0.996827,0.000000,0.000000
-87.733025,0.002701,0.000064,8.006846,8.006919,143.895609,143.895591,1.208162,1.208884,0.000066,0.007545,0.688716,0.688715,0.688709,0.444079,0.688706,0.000198,0.503820,0.294701,0.001019,0.999533,0.847997,0.000519,0.999533,0.882916,0.000000,1.000000,0.957321,1.000000,1.000000,1.000000,1.000000,1.000000,0.000938,0.000008,0.188642,0.176999,0.000199,0.996829,0.000000,0.000000
-87.736741,0.002632,0.000064,7.999006,7.999078,143.912960,143.912942,1.199873,1.200541,0.000066,0.007543,0.688846,0.688845,0.688840,0.444229,0.688837,0.000198,0.503947,0.294890,0.001019,0.999533,0.848342,0.000519,0.999533,0.883244,0.000000,1.000000,0.957601,1.000000,1.000000,1.000000,1.000000,1.000000,0.000918,0.000008,0.188228,0.176319,0.000199,0.996828,0.000000,0.000000
-87.745343,0.002470,0.000063,7.977035,7.977106,143.955272,143.955254,1.180223,1.180757,0.000065,0.007536,0.689149,0.689148,0.689143,0.444578,0.689140,0.000198,0.504239,0.295201,0.001019,0.999534,0.848589,0.000519,0.999534,0.883500,0.000000,1.000000,0.957925,1.000000,1.000000,1.000000,1.000000,1.000000,0.000870,0.000008,0.187848,0.175696,0.000198,0.996826,0.000000,0.000000
-87.731587,0.002734,0.000064,8.005258,8.005331,143.885439,143.885420,1.211616,1.212362,0.000066,0.007546,0.688665,0.688664,0.688659,0.444020,0.688655,0.000198,0.503772,0.294655,0.001020,0.999533,0.847978,0.000519,0.999533,0.882897,0.000000,1.000000,0.957262,1.000000,1.000000,1.000000,1.000000,1.000000,0.000946,0.000008,0.188683,0.177132,0.000199,0.996830,0.000000,0.000000
-87.736881,0.002630,0.000064,7.998404,7.998476,143.913323,143.913305,1.199635,1.200302,0.000066,0.007542,0.688851,0.688850,0.688845,0.444235,0.688842,0.000198,0.503952,0.294900,0.001019,0.999533,0.848366,0.000519,0.999533,0.883267,0.000000,1.000000,0.957616,1.000000,1.000000,1.000000,1.000000,1.000000,0.000917,0.000008,0.188201,0.176278,0.000199,0.996828,0.000000,0.000000
-87.732668,0.002710,0.000064,8.006465,8.006538,143.891638,143.891620,1.209075,1.209807,0.000066,0.007546,0.688703,0.688702,0.688697,0.444064,0.688693,0.000198,0.503809,0.294738,0.001019,0.999533,0.848199,0.000519,0.999533,0.883101,0.000000,1.000000,0.957424,1.000000,1.000000,1.000000,1.000000,1.000000,0.000940,0.000008,0.188435,0.176689,0.000199,0.996829,0.000000,0.000000
-87.745128,0.002473,0.000063,7.978533,7.978603,143.952985,143.952967,1.180641,1.181182,0.000065,0.007536,0.689142,0.689141,0.689135,0.444570,0.689132,0.000198,0.504233,0.295255,0.001019,0.999534,0.848845,0.000519,0.999534,0.883733,0.000000,1.000000,0.958072,1.000000,1.000000,1.000000,1.000000,1.000000,0.000871,0.000008,0.187581,0.175254,0.000198,0.996826,0.000000,0.000000
-87.733130,0.002697,0.000064,8.007475,8.007547,143.895492,143.895473,1.207801,1.208523,0.000066,0.007545,0.688719,0.688718,0.688713,0.444083,0.688709,0.000198,0.503825,0.294746,0.001019,0.999533,0.848177,0.000519,0.999533,0.883081,0.000000,1.000000,0.957430,1.000000,1.000000,1.000000,1.000000,1.000000,0.000937,0.000008,0.188451,0.176686,0.000199,0.996829,0.000000,0.000000
-87.733353,0.002692,0.000064,8.007285,8.007358,143.896207,143.896189,1.207268,1.207988,0.000066,0.007545,0.688727,0.688726,0.688721,0.444092,0.688717,0.000198,0.503833,0.294775,0.001019,0.999533,0.848272,0.000519,0.999533,0.883169,0.000000,1.000000,0.957490,1.000000,1.000000,1.000000,1.000000,1.000000,0.000936,0.000008,0.188348,0.176518,0.000199,0.996829,0.000000,0.000000
-87.735160,0.002661,0.000064,8.002482,8.002555,143.904479,143.904461,1.203444,1.204138,0.000066,0.007544,0.688791,0.688790,0.688784,0.444165,0.688781,0.000198,0.503894,0.294849,0.001019,0.999533,0.848364,0.000519,0.999533,0.883259,0.000000,1.000000,0.957578,1.000000,1.000000,1.000000,1.000000,1.000000,0.000926,0.000008,0.188227,0.176327,0.000199,0.996829,0.000000,0.000000
-87.737746,0.002612,0.000064,7.996998,7.997069,143.917417,143.917398,1.197568,1.198223,0.000066,0.007542,0.688882,0.688881,0.688875,0.444270,0.688872,0.000198,0.503982,0.294954,0.001019,0.999533,0.848486,0.000519,0.999533,0.883379,0.000000,1.000000,0.957706,1.000000,1.000000,1.000000,1.000000,1.000000,0.000912,0.000008,0.188062,0.176047,0.000199,0.996828,0.000000,0.000000
-87.741562,0.002541,0.000063,7.987389,7.987460,143.936158,143.936140,1.188942,1.189537,0.000065,0.007539,0.689016,0.689015,0.689010,0.444425,0.689006,0.000198,0.504111,0.295092,0.001019,0.999533,0.848598,0.000519,0.999533,0.883495,0.000000,1.000000,0.957851,1.000000,1.000000,1.000000,1.000000,1.000000,0.000891,0.000008,0.187891,0.175765,0.000198,0.996827,0.000000,0.000000
-87.741399,0.002545,0.000063,7.987686,7.987757,143.935394,143.935376,1.189342,1.189940,0.000065,0.007539,0.689011,0.689009,0.689004,0.444418,0.689001,0.000198,0.504106,0.295082,0.001019,0.999533,0.848576,0.000519,0.999533,0.883474,0.000000,1.000000,0.957834,1.000000,1.000000,1.000000,1.000000,1.000000,0.000892,0.000008,0.187917,0.175808,0.000198,0.996827,0.000000,0.000000
-87.733115,0.002697,0.000064,8.007826,8.007899,143.895091,143.895073,1.207787,1.208510,0.000066,0.007545,0.688719,0.688718,0.688712,0.444082,0.688709,0.000198,0.503825,0.294764,0.001019,0.999533,0.848255,0.000519,0.999533,0.883152,0.000000,1.000000,0.957475,1.000000,1.000000,1.000000,1.000000,1.000000,0.000937,0.000008,0.188369,0.176553,0.000199,0.996829,0.000000,0.000000
-87.733507,0.002690,0.000064,8.006973,8.007046,143.896890,143.896872,1.206928,1.207646,0.000066,0.007545,0.688733,0.688732,0.688726,0.444098,0.688723,0.000198,0.503838,0.294784,0.001019,0.999533,0.848292,0.000519,0.999533,0.883187,0.000000,1.000000,0.957505,1.000000,1.000000,1.000000,1.000000,1.000000,0.000935,0.000008,0.188325,0.176480,0.000199,0.996829,0.000000,0.000000
-87.735297,0.002659,0.000064,8.002234,8.002306,143.905985,143.905967,1.203104,1.203794,0.000066,0.007544,0.688796,0.688795,0.688789,0.444171,0.688786,0.000198,0.503898,0.294828,0.001019,0.999533,0.848255,0.000519,0.999533,0.883160,0.000000,1.000000,0.957519,1.000000,1.000000,1.000000,1.000000,1.000000,0.000926,0.000008,0.188339,0.176503,0.000199,0.996829,0.000000,0.000000
-87.745766,0.002461,0.000063,7.976427,7.976497,143.956713,143.956695,1.179169,1.179698,0.000065,0.007536,0.689164,0.689163,0.689158,0.444596,0.689154,0.000198,0.504254,0.295249,0.001019,0.999534,0.848743,0.000519,0.999534,0.883642,0.000000,1.000000,0.958025,1.000000,1.000000,1.000000,1.000000,1.000000,0.000868,0.000008,0.187680,0.175419,0.000198,0.996826,0.000000,0.000000
-87.733867,0.002683,0.000064,8.006162,8.006234,143.898636,143.898618,1.206141,1.206854,0.000066,0.007545,0.688745,0.688744,0.688739,0.444113,0.688735,0.000198,0.503851,0.294799,0.001019,0.999533,0.848310,0.000519,0.999533,0.883205,0.000000,1.000000,0.957523,1.000000,1.000000,1.000000,1.000000,1.000000,0.000933,0.000008,0.188301,0.176441,0.000199,0.996829,0.000000,0.000000
-87.736022,0.002645,0.000064,8.000712,8.000784,143.909485,143.909467,1.201468,1.202147,0.000066,0.007543,0.688821,0.688820,0.688815,0.444200,0.688811,0.000198,0.503923,0.294861,0.001019,0.999533,0.848309,0.000519,0.999533,0.883211,0.000000,1.000000,0.957566,1.000000,1.000000,1.000000,1.000000,1.000000,0.000922,0.000008,0.188273,0.176393,0.000199,0.996829,0.000000,0.000000
-87.734636,0.002674,0.000064,8.002430,8.002503,143.902006,143.901988,1.204795,1.205497,0.000066,0.007544,0.688772,0.688771,0.688766,0.444144,0.688762,0.000198,0.503876,0.294798,0.001019,0.999533,0.848209,0.000519,0.999533,0.883116,0.000000,1.000000,0.957473,1.000000,1.000000,1.000000,1.000000,1.000000,0.000930,0.000008,0.188398,0.176614,0.000199,0.996829,0.000000,0.000000
-87.732690,0.002710,0.000064,8.005959,8.006032,143.892238,143.892220,1.209098,1.209828,0.000066,0.007546,0.688704,0.688703,0.688697,0.444065,0.688694,0.000198,0.503809,0.294712,0.001019,0.999533,0.848085,0.000519,0.999533,0.882997,0.000000,1.000000,0.957357,1.000000,1.000000,1.000000,1.000000,1.000000,0.000940,0.000008,0.188555,0.176884,0.000199,0.996829,0.000000,0.000000
-87.733511,0.002690,0.000064,8.006868,8.006941,143.897054,143.897036,1.206932,1.207649,0.000066,0.007545,0.688733,0.688732,0.688726,0.444098,0.688723,0.000198,0.503838,0.294778,0.001019,0.999533,0.848263,0.000519,0.999533,0.883160,0.000000,1.000000,0.957488,1.000000,1.000000,1.000000,1.000000,1.000000,0.000935,0.000008,0.188356,0.176531,0.000199,0.996829,0.000000,0.000000
-87.733966,0.002682,0.000064,8.005712,8.005784,143.899283,143.899265,1.205960,1.206670,0.000066,0.007545,0.688749,0.688748,0.688742,0.444117,0.688739,0.000198,0.503854,0.294792,0.001019,0.999533,0.848269,0.000519,0.999533,0.883168,0.000000,1.000000,0.957500,1.000000,1.000000,1.000000,1.000000,1.000000,0.000933,0.000008,0.188343,0.176510,0.000199,0.996829,0.000000,0.000000
-87.733066,0.002698,0.000064,8.007798,8.007871,143.894782,143.894764,1.207916,1.208640,0.000066,0.007545,0.688717,0.688716,0.688711,0.444080,0.688707,0.000198,0.503823,0.294762,0.001019,0.999533,0.848250,0.000519,0.999533,0.883147,0.000000,1.000000,0.957471,1.000000,1.000000,1.000000,1.000000,1.000000,0.000937,0.000008,0.188375,0.176565,0.000199,0.996829,0.000000,0.000000

